{"stats":{"minecraft:picked_up":{"minecraft:dark_oak_sapling":1,"minecraft:leather":5,"minecraft:wheat_seeds":2,"minecraft:beef":5,"minecraft:porkchop":6,"minecraft:dark_oak_log":2},"minecraft:killed":{"minecraft:pig":4,"minecraft:cow":4},"minecraft:mined":{"minecraft:grass":8,"minecraft:dark_oak_leaves":4,"minecraft:dark_oak_log":2},"minecraft:custom":{"minecraft:time_since_rest":5092,"minecraft:crouch_one_cm":144,"minecraft:play_time":5092,"minecraft:sprint_one_cm":20639,"minecraft:damage_taken":60,"minecraft:walk_one_cm":11167,"minecraft:sneak_time":105,"minecraft:mob_kills":8,"minecraft:drop":1,"minecraft:jump":253,"minecraft:damage_dealt":800,"minecraft:leave_game":1,"minecraft:time_since_death":5092,"minecraft:walk_on_water_one_cm":66,"minecraft:total_world_time":5092,"minecraft:fall_one_cm":8035,"minecraft:fly_one_cm":52812},"minecraft:dropped":{"minecraft:dark_oak_sapling":1},"minecraft:used":{"minecraft:beef":4,"minecraft:crafting_table":1,"minecraft:porkchop":1},"minecraft:crafted":{"minecraft:dark_oak_planks":8,"minecraft:crafting_table":1,"minecraft:stick":8}},"DataVersion":2975}